station_zone,station_id,level_code,latitude,longitude,depth,tara_nitrate,ebi_nitrate,darwin_nitrate,nitrate,tara_temperature,ebi_temperature,temperature,tara_salinity_level,ebi_salinity_level,salinity,tara_oxygen_level,ebi_oxygen_level,darwin_oxygen_level,oxygen,darwin_alkalinity
Station100_DCM,Station100,DCM,-12.9657361502347,-96.0329093896714,98.9906103286385,0.709413427230047,8.68217627272727,8.25742286259542,0.709413427230047,19.8024746478873,17.7939434545455,19.8024746478873,35.625834741784,35.2781735454545,35.625834741784,225.440711737089,139.364463090909,223.350658778626,225.440711737089,2042.24630610687
Station100_SUR,Station100,SUR,-12.9845126760563,-96.0036450704225,4.83802816901408,4.74038148148148,4.590737,5.89248800704225,4.79178132394366,25.25802,25.2512,25.25802,36.0042488888889,35.835267,36.0042488888889,200.839667407407,200.233917,208.838228661972,201.218676830986,2012.44495422535
Station102_DCM,Station102,DCM,-5.26762748091603,-85.2592786259542,40,14.2098,18.5282185714286,16.99654,14.2098,21.4405,20.6735484285714,21.4405,35.0429,34.8688757142857,35.0429,131.4125,122.953236857143,153.94595,131.4125,2138.199
Station102_MES,Station102,MES,-5.26167027027027,-85.1765459459459,480,16.630427027027,40.008967,NA,16.630427027027,19.7817378378378,9.195825,19.7817378378378,34.9978243243243,34.69255,34.9978243243243,115.338267567568,4.42525,NA,115.338267567568,NA
Station102_SUR,Station102,SUR,-5.25382183098592,-85.182676056338,4.87323943661972,11.1957330882353,11.7927391428571,6.780498,11.0091738591549,24.7302367647059,24.9912997142857,24.7302367647059,34.9069823529412,34.756469,34.9069823529412,206.618607352941,205.692321142857,214.05487,206.932815633803,2086.2563
Station109_DCM,Station109,DCM,2.02688333333333,-84.5604047619048,33.5714285714286,4.75839126984127,3.08269185714286,12.6166119285714,4.75839126984127,26.1897865079365,26.840165,26.1897865079365,34.591296031746,34.0920571428571,34.591296031746,200.723523015873,203.125281428571,175.489927857143,200.723523015873,2094.81016428571
Station109_SUR,Station109,SUR,2.01221904761905,-84.5708380952381,5,0.956717857142857,0.993372,5.6671575,0.956717857142857,27.7205071428571,27.6988748571429,27.7205071428571,33.4650571428571,33.3128142857143,33.4650571428571,199.629442857143,198.996714142857,210.728648571429,199.629442857143,1979.20227857143
Station11_SUR,Station11,SUR,41.6678747252747,2.79903736263736,5,NA,NA,15.168049,15.168049,NA,NA,NA,NA,NA,NA,NA,NA,219.75732,219.75732,2106.7417
Station111_DCM,Station111,DCM,-16.9632094017094,-100.677630769231,90,2.43379692307692,1.69680171428571,NA,2.43379692307692,20.3650914529915,20.0427104285714,20.3650914529915,35.8983931623932,35.7042084285714,35.8983931623932,212.816630769231,211.595229714286,NA,212.816630769231,NA
Station111_MES,Station111,MES,-16.9486,-100.6715,350.405797101449,18.9135,30.409013,NA,18.9135,12.7489,10.893125,12.7489,34.8309,34.698369,34.8309,54.3165,3.171063,NA,54.3165,NA
Station111_SUR,Station111,SUR,-16.9592256410256,-100.64435982906,5,2.27241282051282,2.572283,8.000546,2.27241282051282,22.7686777777778,22.767890875,22.7686777777778,36.1427538461538,35.973568375,36.1427538461538,208.852774358974,208.910735375,214.99634,208.852774358974,2052.2468
Station122_DCM,Station122,DCM,-8.98979918699187,-139.200035772358,115,6.72039105691057,3.1909666,NA,6.72039105691057,26.2178203252033,24.8734386,26.2178203252033,35.8706203252033,36.0300642,35.8706203252033,179.042192682927,180.0345175,NA,179.042192682927,NA
Station122_MES,Station122,MES,-8.9729,-139.2393,600,12.6505,42.53205,NA,12.6505,15.4005,7.212238,15.4005,35.2196,34.580675,35.2196,102.7716,38.115125,NA,102.7716,NA
Station122_SUR,Station122,SUR,-8.99780756302521,-139.214765546219,5,5.18019579831933,4.5749671,5.1963351512605,5.18019579831933,26.5534857142857,26.550211,26.5534857142857,35.5321302521008,35.3654899,35.5321302521008,186.2339,186.4637899,202.32014092437,186.2339,1993.55546218487
Station123_MIX,Station123,MIX,-8.9109,-140.2845,150,5.2529,5.023264,NA,5.2529,26.5183,22.1151,26.5183,35.5277,35.88072,35.5277,184.4576,161.3185,NA,184.4576,NA
Station123_SUR,Station123,SUR,-8.90404153846154,-140.286647692308,5,4.09420307692308,4.35260566666667,5.19557774615385,4.09420307692308,26.5967053846154,26.59729,26.5967053846154,35.5249430769231,35.3588953333333,35.5249430769231,190.130603846154,189.775855333333,202.155521153846,190.130603846154,1993.38357538462
Station124_MIX,Station124,MIX,-9.07161666666667,-140.59645,120,6.1831,4.458677,NA,6.1831,26.4671,25.221787,26.4671,35.5562166666667,35.797875,35.5562166666667,183.007883333333,175.895625,NA,183.007883333333,NA
Station124_SUR,Station124,SUR,-9.14115172413793,-140.523123448276,5,5.31149214285714,5.23812775,5.19366727586207,5.30681155862069,26.5320228571429,26.5234119166667,26.5319303971631,35.5562878571429,35.3967054166667,35.5551562340426,190.466340714286,190.673763916667,203.881259862069,190.837562896552,1990.72238275862
Station125_MIX,Station125,MIX,-8.89921904761905,-142.577162698413,141.031746031746,6.1926619047619,3.8708114,NA,6.1926619047619,26.764330952381,23.4698572,26.764330952381,35.6059817460317,36.2372658,35.6059817460317,172.940546031746,160.1850281,NA,172.940546031746,NA
Station125_SUR,Station125,SUR,-8.904984,-142.5797664,5,5.2555096,5.2995824,5.219904,5.2555096,26.8174192,26.8069255,26.8174192,35.592468,35.4261331,35.592468,187.5572272,187.4493332,203.37424,187.5572272,1990.16
Station137_DCM,Station137,DCM,14.1894915966387,-116.688234453782,72.3109243697479,4.0332512605042,21.9695066666667,3.906346,4.0332512605042,23.3903949579832,13.3711553333333,23.3903949579832,34.4365050420168,34.689613,34.4365050420168,163.706757983193,15.3904263333333,227.45602,163.706757983193,1942.4027
Station137_MES,Station137,MES,14.2025,-116.6433,375.450704225352,6.8149,35.716708,NA,6.8149,20.3374,8.911481,20.3374,34.5546,34.586699,34.5546,117.5948,0.628413,NA,117.5948,NA
Station137_SUR,Station137,SUR,14.1957846153846,-116.64815,5,3.29592,3.08479614285714,3.500513,3.29592,26.413,26.4276714285714,26.413,34.03754,33.8794844285714,34.03754,195.29204,195.188488428571,206.62636,195.29204,1923.4772
Station138_DCM,Station138,DCM,6.3347626984127,-102.992092063492,60,7.70930714285714,22.1052862857143,14.2324179761905,7.70930714285714,22.1412333333333,18.7196861428571,22.1412333333333,34.6771595238095,34.611335,34.6771595238095,122.664266666667,68.4515788571429,157.14770047619,122.664266666667,2082.31358095238
Station138_MES,Station138,MES,6.35604444444444,-103.060166666667,450.888888888889,7.5103,36.886053,NA,7.5103,21.0878,8.210557,21.0878,34.7472,34.608434,34.7472,100.5283,0.78015,NA,100.5283,NA
Station138_SUR,Station138,SUR,6.3304,-102.947333043478,5,0.373431043478261,-0.830098285714286,2.672438,0.373431043478261,26.6765069565217,26.6377071428571,26.6765069565217,33.6334582608696,33.3886537142857,33.6334582608696,196.849459130435,196.806345142857,206.38048,196.849459130435,1926.6057
Station155_DCM,Station155,DCM,54.5223466019417,-16.725986407767,40,7.78229417475728,6.951238,15.5948359902913,7.78229417475728,10.9295747572816,10.79018,10.9295747572816,35.5091563106796,35.33502,35.5091563106796,263.726666990291,266.369875,280.181233980583,263.726666990291,2155.23667669903
Station155_MES,Station155,MES,54.5742,-16.8345,750.904761904762,14.2033,13.716288,NA,14.2033,8.5333,8.923581,8.5333,35.5716,35.40565,35.5716,189.7795,208.76175,NA,189.7795,NA
Station155_SUR,Station155,SUR,54.5302619469027,-16.8715601769911,4.95575221238938,3.45214910714286,4.449490625,14.6695542477876,3.55150840707965,11.041225,11.09529125,11.041225,35.4774339285714,35.32448875,35.4774339285714,266.534383928571,271.326671875,281.62767079646,266.668643362832,2153.33002654867
Station158_DCM,Station158,DCM,67.1616970588235,0.412408823529412,25,2.4548,7.947163,13.8684348235294,2.4548,6.9754,6.7255,6.9754,35.3081,35.149405,35.3081,319.9979,304.26005,306.78005,319.9979,2197.24679411765
Station158_MES,Station158,MES,67.1675,0.2177,650.909090909091,12.453,14.950381,NA,12.453,-0.12012,0.22498,-0.12012,35.065,34.90349,35.065,293.768,295.31095,NA,293.768,NA
Station158_SUR,Station158,SUR,67.1356025423729,0.284483050847458,4.75423728813559,4.9325495412844,5.21995,13.366856,5.57584410169492,7.24517431192661,8.48667,7.24517431192661,35.3087183486239,35.14372,35.3087183486239,314.076317431193,311.9179,301.13156,313.089005423729,2194.1304
Station163_MES,Station163,MES,76.1246,1.3648,499.090909090909,10.7621,13.010683,NA,10.7621,0.013771,0.099535,0.013771,35.1091,34.94578,35.1091,312.9463,315.37205,NA,312.9463,NA
Station163_SUR,Station163,SUR,76.1712739130435,1.51018956521739,4.74782608695652,4.1099,4.72754,13.0289709391304,4.8081615826087,1.9546,1.901825,1.9546,35.0584,34.888288,35.0584,362.9876,363.047375,362.4359,362.961929391304,2201.49404956522
Station168_DCM,Station168,DCM,72.5485396039604,44.1083782178218,40,-3.64739702970297,-3.888729,14.84214,-3.64739702970297,5.88279108910891,3.824545,5.88279108910891,35.1394148514851,34.976035,35.1394148514851,313.457491089109,326.5136,344.00974,313.457491089109,2173.1902
Station168_MIX,Station168,MIX,72.5239296703297,44.0605571428571,53.2967032967033,-4.43198571428571,-0.892764571428571,12.643027989011,-4.43198571428571,7.61064285714286,3.14956571428571,7.61064285714286,35.0876285714286,34.9779607142857,35.0876285714286,299.2569,303.05815,326.080615934066,299.2569,2161.18549450549
Station168_SUR,Station168,SUR,72.5513111111111,44.1004512820513,4.95726495726496,-4.02805652173913,-4.721995,12.623917,-0.618198179487179,7.2250652173913,7.53177,7.22836311827957,35.0986260869565,34.92306,35.0967382795699,300.346882608696,298.8549,325.57355,305.508831623932,2160.924
Station173_DCM,Station173,DCM,78.9362350649351,79.0892961038961,34.6623376623377,6.0883,4.77339866666667,15.213918,6.0883,-1.3022,-1.29906616666667,-1.3022,34.5919,34.455798,34.5919,352.0384,348.480395833333,361.8334,352.0384,2179.3906
Station173_SUR,Station173,SUR,78.9487268518519,79.3822935185185,5,3.742,2.40637,14.955015,3.742,-0.4215,-0.083125,-0.4215,33.6882,33.595737,33.6882,390.2795,383.163125,368.3702,390.2795,2178.1355
Station175_MIX,Station175,MIX,79.3590028571429,66.2799857142857,53.3809523809524,NA,NA,14.8472313333333,14.8472313333333,1.668425,1.05454357142857,1.521045,34.504835,34.6759014285714,34.54581,386.70389,317.112578571429,369.321295619048,369.572018571429,2181.45566190476
Station175_SUR,Station175,SUR,79.2189126126126,66.4047477477477,4.95495495495495,4.15434636363636,2.060443,14.8492331081081,4.2508865045045,1.17458363636364,1.421805,1.17458363636364,34.4261563636364,34.2633,34.4261563636364,376.168923636364,368.906875,369.501147027027,376.108487387387,2181.44752702703
Station175_ZZZ,Station175,ZZZ,77.8343634782609,65.3090339130435,164.939130434783,10.430638317757,11.691602,15.1855283225806,10.5615237818182,1.29274424778761,1.47689,1.29274424778761,35.0575743362832,34.8814,35.0575743362832,291.746977876106,296.228,361.975872903226,291.746977876106,2181.87249677419
Station178_SUR,Station178,SUR,77.1931169642857,73.2078044642857,4.95535714285714,NA,NA,14.54037,14.54037,1.18559378378378,1.243225,1.18559378378378,34.2292504504505,34.056675,34.2292504504505,349.890154954955,348.536,363.89978,350.015240892857,2180.143
Station18_DCM,Station18,DCM,35.7538064516129,14.273364516129,67.0967741935484,NA,NA,15.158144,15.158144,16.9299,18.36839,16.9299,38.2224,37.89241,38.2224,231.5733,237.8893,247.78987,231.5733,2127.9436
Station18_SUR,Station18,SUR,35.7548213333333,14.2722773333333,5,NA,NA,15.592011,15.592011,21.457664,21.4395,21.457664,38.0734533333333,37.89245,38.0734533333333,208.062836,207.791417,223.23691,208.062836,2097.7153
Station180_DCM,Station180,DCM,74.8220477477477,76.2265207207207,31.2162162162162,NA,NA,14.599185,14.599185,-1.7723,-1.49676457142857,-1.7723,33.9082,33.7240357142857,33.9082,315.5497,356.824821142857,372.1392,315.5497,2173.7844
Station180_SUR,Station180,SUR,74.8031544642857,76.1414125,4.95535714285714,NA,NA,13.792972,13.792972,-1.0018,3.480781,-1.0018,29.3835,22.047506,29.3835,368.1431,350.63975,373.8144,368.193736607143,2165.4177
Station180_ZZZ,Station180,ZZZ,74.8478176470588,76.0666529411765,17.0588235294118,NA,NA,13.9815618235294,13.9815618235294,-1.76574117647059,NA,-1.76574117647059,33.9386470588235,NA,33.9386470588235,317.032552941176,NA,374.981052941176,317.032552941176,2167.48792352941
Station188_DCM,Station188,DCM,78.3323150943396,91.6512764150943,17.7169811320755,NA,NA,13.9091731698113,13.9091731698113,-1.6521,-1.62504871428571,-1.6521,33.8427,33.582461,33.8427,366.4126,367.97797,367.137413396226,366.4126,2171.26915849057
Station188_SUR,Station188,SUR,78.2728318181818,91.8055663636364,5,NA,NA,13.791991,13.791991,-1.6108,-1.645825,-1.6108,33.0997,32.9488,33.0997,394.7488,388.2395,364.41873,394.7488,2170.3994
Station189_DCM,Station189,DCM,77.961600990099,116.69811980198,21.9306930693069,NA,NA,13.6819556237624,13.6819556237624,-0.683284306930693,-0.802307142857143,-0.683284306930693,32.9617336633663,32.8870614285714,32.9617336633663,378.36968019802,371.276328571429,376.961666534653,378.36968019802,2167.99948514851
Station189_MES,Station189,MES,78.0387983050848,116.409847457627,299.016949152542,NA,NA,NA,NA,NA,1.59404,1.59404,NA,34.92558,34.92558,NA,293.889,NA,293.889,NA
Station189_SUR,Station189,SUR,77.9157853211009,117.032666055046,4.95412844036697,NA,NA,13.5421764495413,13.5421764495413,-0.139351018518519,0.030106,-0.139351018518519,31.479762962963,28.576956,31.479762962963,367.428438888889,364.342188,377.792130825688,367.522798165138,2167.03073211009
Station191_SUR,Station191,SUR,71.5816486238532,160.939536697248,4.95412844036697,NA,NA,8.950101,8.950101,1.4875,1.4886,1.48763275862069,28.555,28.4169,28.5383327586207,340.3994,340.518,358.66452,348.953081834862,2147.7651
Station193_SUR,Station193,SUR,71.0911777777778,174.945537037037,4.9537037037037,-7.3889,NA,7.591026,-7.25019698148148,2.4537,NA,2.4537,29.1686,NA,29.1686,339.3193,NA,356.67163,339.479969722222,2148.6296
Station194_DCM,Station194,DCM,73.3449787878788,-168.75012020202,35,-0.74839,-2.647802,11.243971,-0.74839,1.1702,-0.987833,1.1702,30.8051,31.56495,30.8051,409.0689,397.421583,363.61853,409.0689,2158.7913
Station194_SUR,Station194,SUR,73.3828018018018,-168.195464864865,4.97297297297297,-3.11951675675676,-3.147755,7.72423837837838,-3.11951675675676,-0.887217837837838,-0.618833,-0.887217837837838,21.2843810810811,27.38155,21.2843810810811,317.268089189189,369.339,359.129087027027,317.268089189189,2156.77432432432
Station196_SUR,Station196,SUR,71.8985765765766,-154.915077477477,4.95495495495495,0.62571,1.632991,7.603312,0.688571279279279,2.5484,2.570037,2.5484,28.9351,28.604712,28.9351,335.6818,335.965875,346.29178,335.777385405405,2153.7134
Station201_DCM,Station201,DCM,74.3288923913044,-85.6655945652174,35.5434782608696,4.52394130434783,5.301922,11.917982,4.52394130434783,-0.50301652173913,-0.397229285714286,-0.50301652173913,31.8676065217391,31.9302844285714,31.8676065217391,353.589393478261,345.173559285714,377.0535,353.589393478261,2179.3123
Station201_MES,Station201,MES,74.3045941176471,-85.6573529411765,440.632352941176,3.17656764705882,10.238791,NA,3.17656764705882,-0.575977058823529,0.994025,-0.575977058823529,32.8513970588235,34.342505,32.8513970588235,288.280225,233.314,NA,288.280225,NA
Station201_SUR,Station201,SUR,74.3076261261261,-85.8034765765766,4.86486486486486,1.38284414414414,3.715845,10.157342,1.38284414414414,-1.57386486486486,-1.332965,-1.57386486486486,30.9370855855856,30.636767,30.9370855855856,373.186694594595,369.1045,385.37488,373.186694594595,2176.2842
Station205_MES,Station205,MES,72.445453968254,-71.8821841269841,490.920634920635,6.3408,22.810319,NA,6.3408,-0.60463,1.230869,-0.60463,32.5571,34.378169,32.5571,311.6756,227.316,NA,311.6756,NA
Station205_SUR,Station205,SUR,72.465558490566,-71.8917018867924,4.99056603773585,-2.58251320754717,3.891253,8.516761,-2.58251320754717,-0.389394150943396,-0.48046,-0.389394150943396,32.1786905660377,31.995275,32.1786905660377,351.829156603774,353.31105,365.83032,351.829156603774,2175.8801
Station206_MES,Station206,MES,70.9433,-53.5127,411,12.574,13.347925,NA,12.574,2.8091,3.03468,2.8091,34.7446,34.50669,34.7446,215.3697,229.6853,NA,215.3697,NA
Station206_SUR,Station206,SUR,70.9558571428571,-53.5844238095238,4.95238095238095,3.454598,3.502622,7.599552,3.49407375238095,1.53597019230769,1.43901,1.53597019230769,32.2601201923077,32.08274,32.2601201923077,328.977951923077,328.5869,344.49707,329.125753047619,2174.7734
Station208_SUR,Station208,SUR,69.1147651376147,-51.5388073394495,4.90825688073395,1.6791,1.699631,0,1.64829082568807,3.2115,3.1961,3.2115,33.1513,32.991725,33.1513,303.0268,303.353,0,297.466675229358,0
Station209_MES,Station209,MES,64.7,-52.996,350.971428571429,9.3791,10.622333,NA,9.3791,4.2643,4.20173,4.2643,34.8169,34.59923,34.8169,271.8754,273.02835,NA,271.8754,NA
Station209_SUR,Station209,SUR,64.7284909090909,-53.05383,4.95454545454545,2.8488,6.121815,11.4800364818182,2.92783900909091,2.3863,2.49543,2.3863,32.8155,32.602725,32.8155,321.2149,323.835062,314.738076909091,321.151161272727,2199.86035454545
Station210_MES,Station210,MES,61.5754,-55.9846115942029,390.882352941176,10.4445,6.67401708333333,NA,10.4445,5.6724,1.99641458333333,5.6724,34.6265,14.5581645833333,34.6265,283.0155,113.281,NA,283.0155,NA
Station210_SUR,Station210,SUR,61.5362858490566,-55.9900773584906,4.93396226415094,5.05866666666667,7.37029955555556,12.03236,5.12445622641509,5.26786666666667,4.70568888888889,5.26786666666667,34.3647,30.4112106666667,34.3647,293.673333333333,261.234,311.197,293.838650943396,2204.988
Station22_SUR,Station22,SUR,39.833975257732,17.4131484536082,5,NA,NA,13.49092,13.49092,16.9147391752577,17.211365,16.9147391752577,37.9161587628866,37.8141821666667,37.9161587628866,223.167278350515,221.260472,227.15283,223.167278350515,2201.7073
Station23_DCM,Station23,DCM,42.1720697916667,17.7253520833333,53.8020833333333,NA,NA,12.568941,12.568941,15.4997604166667,15.30955375,15.4997604166667,38.6166979166667,38.4518255,38.6166979166667,223.6738875,225.179922083333,251.59305,223.6738875,2235.9678
Station25_DCM,Station25,DCM,39.3986627659574,19.3991670212766,50,NA,NA,13.526254,13.526254,15.3481829787234,15.2278834285714,15.3481829787234,38.6265468085106,38.4709874285714,38.6265468085106,238.742831914894,230.262897857143,235.73949,238.742831914894,2200.5908
Station25_SUR,Station25,SUR,39.3720134615385,19.3913028846154,5,NA,NA,13.61657,13.61657,18.3588923076923,18.3560955,18.3588923076923,38.3661307692308,38.1849808333333,38.3661307692308,217.961503846154,217.930360833333,225.91019,217.961503846154,2196.0835
Station30_DCM,Station30,DCM,33.9225523809524,32.8192285714286,70,0.0244094047619047,-0.0311865,NA,0.0244094047619047,18.4987916666667,18.70707625,18.4987916666667,39.3821238095238,39.245164,39.3821238095238,220.477651190476,218.39835,NA,220.477651190476,NA
Station31_SUR,Station31,SUR,27.1555686567164,34.8271731343284,5,-0.113648955223881,-0.118752857142857,21.797586,-0.113648955223881,25.0207298507463,25.0524332857143,25.0207298507463,40.1604179104478,39.9756538571429,40.1604179104478,190.195646268657,189.058142571429,207.17278,190.195646268657,1994.6222
Station32_DCM,Station32,DCM,23.4143391304348,37.2412104347826,80,0.668706869565217,0.914786166666667,NA,0.668706869565217,26.1316460869565,26.087724,26.1316460869565,40.38478,40.1908846666667,40.38478,180.820631304348,180.647693333333,NA,180.820631304348,NA
Station32_SUR,Station32,SUR,23.3642284552846,37.2175878048781,5,-0.388327154471545,-0.429952714285714,19.909714,-0.388327154471545,25.8225837398374,25.835958,25.8225837398374,39.9289463414634,39.7432952857143,39.9289463414634,188.138949593496,188.344761571429,202.07137,188.138949593496,1984.3999
Station33_SUR,Station33,SUR,21.9808952380952,38.2412095238095,5,0.128388142857143,0.0404475,18.9630841428571,0.128388142857143,27.3185285714286,27.3235391666667,27.3185285714286,39.1243642857143,38.9394558333333,39.1243642857143,182.960371428571,183.059278,199.47445,182.960371428571,1980.88301428571
Station34_DCM,Station34,DCM,18.4394631578947,39.8583561403509,60,-0.39268,0.0217423333333333,19.367791,-0.39268,27.6713,27.5813741666667,27.6713,38.8159,38.8959166666667,38.8159,183.7592,176.0810235,191.85175,183.7592,1990.5717
Station34_SUR,Station34,SUR,18.3975294573643,39.872203875969,5,-0.00193274418604651,-0.649500375,17.985404,-0.00193274418604651,27.6233488372093,27.614793875,27.6233488372093,38.8262372093023,38.677196625,38.8262372093023,184.173127906977,182.8684065,198.86986,184.173127906977,1982.632
Station36_DCM,Station36,DCM,20.8186018867925,63.5130754716981,18.0471698113208,0.29025,0.374182666666667,14.5565947358491,0.29025,24.9984,25.3387476666667,24.9984,36.6955,36.54799,36.6955,192.9927,210.622579,210.913816320755,192.9927,1904.90299433962
Station36_SUR,Station36,SUR,20.8185558333333,63.5061058333333,5,0.21989,0.343943,14.471829,11.7402073583333,25.5259875,25.614835125,25.5259875,36.7034808333333,36.53016425,36.7034808333333,212.0209,118.240802375,210.30925,204.488934325,1906.0306
Station37_MES,Station37,MES,20.8443504672897,63.5861841121495,600.065420560748,21.8884,31.802451,NA,21.8884,22.6232,12.066048,22.6232,36.5222,35.693546,36.5222,47.7207,1.63999,NA,47.7207,NA
Station38_DCM,Station38,DCM,19.0265981132075,64.529658490566,25.9433962264151,1.081,1.21289328571429,14.591483,1.081,25.7777,25.5625567142857,25.7777,NA,NA,NA,146.5487,155.318243428571,208.61786,146.5487,1903.7765
Station38_MES,Station38,MES,19.0331979591837,64.5650051020408,340.551020408163,15.0247142857143,22.444602,NA,15.0247142857143,22.9875285714286,14.987618,22.9875285714286,36.5323642857143,36.021302,36.5323642857143,49.9333785714286,2.369225,NA,49.9333785714286,NA
Station38_SUR,Station38,SUR,19.0376558558559,64.5060963963964,5,0.760546126126126,0.6835856,14.4873736216216,0.760546126126126,26.2206486486486,26.255975,26.2206486486486,36.79122,36.6185386,36.79122,193.29563963964,200.1907334,208.08954972973,193.29563963964,1906.31835135135
Station39_DCM,Station39,DCM,18.5785067307692,66.4760980769231,25,-0.51273,-0.676876125,14.285589,-0.51273,26.2665,26.814827125,26.2665,36.6819,36.332716875,36.6819,164.101,193.03495825,206.21034,164.101,1904.0117
Station39_MES,Station39,MES,18.7273412371134,66.3935793814433,269.505154639175,22.248012371134,19.566542,NA,22.248012371134,22.2355721649485,15.614195,22.2355721649485,36.2630010309278,35.901885,36.2630010309278,34.8099618556701,2.303017,NA,34.8099618556701,NA
Station39_SUR,Station39,SUR,18.5848178571429,66.5854946428571,5,-0.735888035714286,-1.29235411111111,14.2002547321429,-0.735888035714286,26.8359714285714,26.8608111111111,26.8359714285714,36.4581875,36.2854151111111,36.4581875,193.910764285714,193.302944444444,205.084268660714,193.910764285714,1905.26041696429
Station41_DCM,Station41,DCM,14.5560301886792,70.0120254716981,63.4905660377358,-0.34911,3.11723614285714,13.993898,-0.34911,27.1905,26.6002492857143,27.1905,36.6762,36.4246271428571,36.6762,153.905,127.443260714286,206.02585,153.905,1911.5432
Station41_SUR,Station41,SUR,14.5982245614035,69.9830131578947,5,-0.859914298245614,-1.19433628571429,13.9533876929825,-0.859914298245614,29.0896271929825,29.1001764285714,29.0896271929825,36.2071131578947,36.0285271428571,36.2071131578947,187.65853245614,187.305369,198.925725614035,187.65853245614,1927.32771754386
Station42_DCM,Station42,DCM,5.99970636363636,73.9039563636364,80,-0.61668,0.646683571428571,NA,-0.61668,28.3865,27.7237285714286,28.3865,35.1957,35.14005,35.1957,161.1102,126.808857142857,NA,161.1102,NA
Station42_SUR,Station42,SUR,6.0020685483871,73.9132403225806,5,-1.69154629032258,-1.47882,14.2311285887097,-1.69154629032258,29.9814556451613,29.980283,29.9814556451613,34.7254766129032,34.56155,34.7254766129032,188.918128225806,189.25475,196.899789758065,188.918128225806,1928.79917258065
Station45_SUR,Station45,SUR,0.0272047169811321,71.664020754717,5,1.8661,2.575786,13.46719,1.8661,30.4624,30.496383,30.4624,35.3198,35.091133,35.3198,184.818,185.243833,197.26671,184.818,1958.2057
Station46_SUR,Station46,SUR,-0.662479310344828,73.1612086206896,5,0.35805,0.477267,13.803932,0.35805,30.1209,30.12565,30.1209,35.2774,35.111283,35.2774,184.8749,185.733167,197.49632,184.8749,1954.3569
Station48_SUR,Station48,SUR,-9.39759333333333,66.3912346666667,5,-1.72370106666667,-2.0831102,12.502214,-1.72370106666667,29.8183253333333,29.8237798,29.8183253333333,34.3352093333333,34.1714034,34.3352093333333,187.06998,187.3256834,199.67291,187.06998,1956.9083
Station52_DCM,Station52,DCM,-16.9534388429752,53.9741181818182,73.7603305785124,0.5317,0.244232,NA,0.5317,26.5743801652893,24.9162981666667,26.5743801652893,34.9893082644628,34.9064778333333,34.9893082644628,192.545950413223,192.823394166667,NA,192.545950413223,NA
Station52_SUR,Station52,SUR,-16.9585117647059,53.9738389705882,5,0.5317,0.244232,11.7680584632353,10.7640548235294,27.8871801470588,27.8792228333333,27.8871801470588,34.7261,34.5655413333333,34.7261,192.257483823529,191.714243,202.887941176471,192.257483823529,1961.85434558824
Station56_MES,Station56,MES,-15.3379,43.2948,1000,NA,NA,NA,NA,NA,6.2402,6.2402,NA,34.8332,34.8332,NA,87.902,NA,87.902,NA
Station56_SUR,Station56,SUR,-15.3424,43.2965,5,NA,NA,11.47844,11.47844,27.3228,27.323117,27.3228,35.1683,35.003133,35.1683,192.9315,193.05775,202.83006,192.9315,1963.2285
Station58_DCM,Station58,DCM,-17.3002391666667,42.2855783333333,66.9166666666667,0.82027,0.820273,11.530273,0.82027,24.986,26.0289365714286,24.986,35.3242,35.162412,35.3242,180.2996,188.628027571429,212.83813,180.2996,1964.3608
Station62_SUR,Station62,SUR,-22.3368330508475,40.2839110169492,5,-0.34297,-0.166794,11.75502,-0.34297,25.0834,25.080167,25.0834,35.4915,35.324825,35.4915,199.6143,199.895917,212.8536,199.6143,1967.2079
Station64_DCM,Station64,DCM,-29.5180792307692,37.9410246153846,63.6538461538462,-0.34297,-0.119854285714286,12.0658778769231,1.95203535384615,22.2322346153846,22.2462815,22.2322346153846,35.5020223076923,35.3322075,35.5020223076923,208.377966153846,208.07040825,223.578749461538,208.377966153846,1972.31332846154
Station64_MES,Station64,MES,-29.5046,37.9599,1000,NA,NA,NA,NA,NA,7.6502,7.6502,NA,34.57915,34.57915,NA,193.011,NA,193.011,NA
Station64_SUR,Station64,SUR,-29.5003406015038,37.9840954887218,5,-0.34297,-0.166794,12.0004893082707,8.8609944962406,22.1877172932331,22.189792,22.1877172932331,35.4982781954887,35.3290525714286,35.4982781954887,209.571542857143,209.849749857143,223.298140451128,209.571542857143,1971.90442781955
Station65_DCM,Station65,DCM,-35.2421,26.3048,30,NA,NA,12.810086,12.810086,21.8144,21.81495,21.8144,NA,NA,NA,206.402,206.43725,228.37677,206.402,1973.2639
Station65_SUR,Station65,SUR,-35.1858383928571,26.2898741071429,5,NA,NA,12.802575,12.802575,21.81866875,21.816705875,21.81866875,35.6139,35.44666,35.6139,206.25080625,206.987922875,228.41405,206.25080625,1973.1793
Station66_DCM,Station66,DCM,-34.8891763157895,18.0488013157895,30,NA,NA,14.055993,14.055993,15.0230763157895,15.01895,15.0230763157895,NA,35.3315,35.3315,240.577253947368,240.4135,242.38547,240.577253947368,1995.7852
Station66_SUR,Station66,SUR,-34.9349616666667,17.9419891666667,5,2.3848,2.450991,14.0814918333333,4.32820433333333,15.0275666666667,15.031867,15.0275666666667,35.4899,35.323317,35.4899,239.128433333333,239.109761571429,242.571778333333,239.128433333333,1994.87711666667
Station67_SUR,Station67,SUR,-32.2015007462687,17.7054731343284,5,1.04239820895522,0.4279788,13.116124,1.04239820895522,12.7945611940298,12.8439534,12.7945611940298,35.0119776119403,34.846212,35.0119776119403,245.996956716418,249.493267,253.205,245.996956716418,2012.6078
Station68_DCM,Station68,DCM,-31.0307743119266,4.6775623853211,48.9908256880734,1.5666,NA,13.3381258899083,12.1528845688073,16.7834,16.7868163,16.7834,35.8559871559633,35.6878348,35.8559871559633,232.271063302752,231.6761678,246.11179559633,232.271063302752,1977.88586055046
Station68_MES,Station68,MES,-31.0198,4.6685,700.492957746479,NA,25.846888,NA,25.846888,NA,7.026748,7.026748,NA,34.477664,34.477664,NA,195.168847,NA,195.168847,NA
Station68_SUR,Station68,SUR,-31.040742962963,4.66623703703704,5,1.6154,2.096308,13.263906,7.48279561481482,16.8090355555556,16.8669981,16.8090355555556,35.85386,35.6879324,35.85386,233.158983703704,232.6111831,246.66539,233.158983703704,1977.6226
Station70_MES,Station70,MES,-20.4057493150685,-3.16739589041096,801.315068493151,6.6209,37.7793,NA,23.3985,16.6146,4.216697,9.93880607692308,35.8972,34.443883,35.1146446923077,175.0277,161.730633,NA,167.867740846154,NA
Station70_SUR,Station70,SUR,-20.4074373134328,-3.18226791044776,5,0.504374776119403,0.2459845,14.491161,0.504374776119403,19.7883649253731,19.7850205,19.7883649253731,36.5470843283582,36.3760758,36.5470843283582,215.4371,215.670583,232.22166,215.4371,1937.4208
Station72_DCM,Station72,DCM,-8.71864341085271,-17.9671023255814,100,0.19099,0.232817375,NA,0.19099,23.8192,24.235537375,23.8192,36.8586,36.574800375,36.8586,196.4885,195.17248975,NA,196.4885,NA
Station72_MES,Station72,MES,-8.79818082191781,-17.9036328767123,800,31.7592123287671,38.448475,NA,31.7592123287671,5.58584931506849,4.673875,5.58584931506849,34.8794726027397,34.472575,34.8794726027397,156.576720547945,143.1955,NA,156.576720547945,NA
Station72_SUR,Station72,SUR,-8.76035563909774,-17.9161631578947,5,0.327124736842105,0.248663,13.395498,0.327124736842105,25.0384781954887,25.04977,25.0384781954887,36.5955932330827,36.4238366666667,36.5955932330827,198.867941353383,199.169962888889,210.89073,198.867941353383,1966.3823
Station76_DCM,Station76,DCM,-21.0411430656934,-35.3623839416058,148.394160583942,0.617121781021898,0.5434983,NA,0.617121781021898,22.178602189781,21.8157684,22.178602189781,37.0324722627737,36.7689551,37.0324722627737,204.134924817518,203.8497968,NA,204.134924817518,NA
Station76_MES,Station76,MES,-20.93143,-35.1794,800,34.739,34.589515,NA,34.739,3.8374,4.749588,3.8374,34.5752,34.369275,34.5752,184.8655,192.1655,NA,184.8655,NA
Station76_SUR,Station76,SUR,-20.9494780821918,-35.2157095890411,5,0.030608,0.030608,12.688213,0.030608,23.3535390410959,23.3529302,23.3535390410959,37.2725287671233,37.097987,37.2725287671233,206.0039,206.1807664,212.38184,206.0039,1973.5181
Station78_DCM,Station78,DCM,-30.1343823529412,-43.2669411764706,120,-0.139233333333333,0.322162777777778,NA,-0.139233333333333,19.3614470588235,19.3510636666667,19.3614470588235,36.4517990196078,36.2804618888889,36.4517990196078,217.940457843137,217.505432888889,NA,217.940457843137,NA
Station78_MES,Station78,MES,-30.1602605633803,-43.2903169014085,800,34.5502,29.783185,NA,34.5502,3.5983,5.8659,3.5983,34.5249,34.3629,34.5249,196.3504,214.842,NA,196.3504,NA
Station78_SUR,Station78,SUR,-30.1588151515152,-43.2844045454545,5,-0.295176742424242,-0.388642222222222,13.94818,-0.295176742424242,19.8514681818182,19.8790941111111,19.8514681818182,36.4940257575758,36.3241268888889,36.4940257575758,221.891693181818,221.484416666667,226.35332,221.891693181818,1973.0256
Station82_DCM,Station82,DCM,-47.2030938461538,-57.9649107692308,36.6538461538462,17.5877,17.112756875,18.6594428384615,17.5877,6.9783,6.98451725,6.9783,34.2189,34.057393875,34.2189,306.4066,306.373177125,307.392775846154,306.4066,2266.57411153846
Station82_SUR,Station82,SUR,-47.1921272058824,-58.2512727941176,5,15.9586610294118,17.091069,15.085438,15.9586610294118,7.34146029411765,7.321517,7.34146029411765,34.2102294117647,34.048642,34.2102294117647,304.734534558823,305.012167,300.99557,304.734534558823,2267.0466
Station84_SUR,Station84,SUR,-60.2846518518519,-60.5868185185185,4.96296296296296,24.7575955223881,24.5818231428571,23.2731888814815,24.7466139777778,1.8662671641791,1.859741,1.8662671641791,33.8821,33.71972,33.8821,338.472267910448,338.359921428571,343.628176962963,338.51052762963,2321.43783703704
Station85_DCM,Station85,DCM,-62.211989516129,-49.2257733870968,90,29.9872951612903,32.05245925,NA,29.9872951612903,0.417471935483871,-0.784599875,0.417471935483871,34.5197443548387,34.360461,34.5197443548387,346.531068548387,327.020273875,NA,346.531068548387,NA
Station85_MES,Station85,MES,-61.9689,-49.5017,790,38.7422,38.821249,NA,38.7422,0.39939,0.45883,0.39939,34.8533,34.67996,34.8533,202.4289,203.8394,NA,202.4289,NA
Station85_SUR,Station85,SUR,-62.0653111111111,-49.4662762962963,4.77777777777778,27.8014720930233,27.8080052222222,27.6590094222222,27.7932502222222,0.688104418604651,0.690541777777778,0.688104418604651,34.5208930232558,34.3532528888889,34.5208930232558,344.096962790698,343.894529555556,365.354168888889,345.029542222222,2343.47548
